Name,Url
Alex Abrines,/player/Alex-Abrines/Summary/26575
Andrew Andrews,/player/Andrew-Andrews/Summary/30401
Ryan Arcidiacono,/player/Ryan-Arcidiacono/Summary/24274
J.J. Avila,/player/JJ-Avila/Summary/22852
Ron Baker,/player/Ron-Baker/Summary/30538
Wade Baldwin IV,/player/Wade-Baldwin-IV/Summary/81056
Cat Barber,/player/Cat-Barber/Summary/24670
Malik Beasley,/player/Malik-Beasley/Summary/73131
Beau Beech,/player/Beau-Beech/Summary/45134
DeAndre' Bembry,/player/DeAndre-Bembry/Summary/49891
Dragan Bender,/player/Dragan-Bender/Summary/41582
Ben Bentil,/player/Ben-Bentil/Summary/80300
Davis Bertans,/player/Davis-Bertans/Summary/24343
Joel Bolomboy,/player/Joel-Bolomboy/Summary/45041
Malcolm Brogdon,/player/Malcolm-Brogdon/Summary/24209
Jaylen Brown,/player/Jaylen-Brown/Summary/52544
Nicolas Brussino,/player/Nicolas-Brussino/Summary/59353
Alex Caruso,/player/Alex-Caruso/Summary/42349
Marquese Chriss,/player/Marquese-Chriss/Summary/72600
Semaj Christon,/player/Semaj-Christon/Summary/26729
Kyle Collinsworth,/player/Kyle-Collinsworth/Summary/22358
Quinn Cook,/player/Quinn-Cook/Summary/24179
Matt Costello,/player/Matt-Costello/Summary/24277
Isaiah Cousins,/player/Isaiah-Cousins/Summary/42414
Drew Crawford,/player/Drew-Crawford/Summary/3952
Deyonta Davis,/player/Deyonta-Davis/Summary/73162
Shawn Dawson,/player/Shawn-Dawson/Summary/44521
Malcolm Delaney,/player/Malcolm-Delaney/Summary/2301
Cheick Diallo,/player/Cheick-Diallo/Summary/49975
Kris Dunn,/player/Kris-Dunn/Summary/28240
Henry Ellenson,/player/Henry-Ellenson/Summary/54842
Perry Ellis,/player/Perry-Ellis/Summary/24256
Joel Embiid,/player/Joel-Embiid/Summary/49880
Kay Felder,/player/Kay-Felder/Summary/57281
Yogi Ferrell,/player/Yogi-Ferrell/Summary/24263
Dorian Finney-Smith,/player/Dorian-Finney-Smith/Summary/24159
Bryn Forbes,/player/Bryn-Forbes/Summary/42884
Trey Freeman,/player/Trey-Freeman/Summary/31159
Patricio Garino,/player/Patricio-Garino/Summary/24744
Michael Gbinije,/player/Michael-Gbinije/Summary/24168
Marcus Georges-Hunt,/player/Marcus-Georges-Hunt/Summary/24663
Jonathan Gibson,/player/Jonathan-Gibson/Summary/2550
Treveon Graham,/player/Treveon-Graham/Summary/31269
A.J. Hammons,/player/AJ-Hammons/Summary/24294
Andrew Harrison,/player/Andrew-Harrison/Summary/24306
Juancho Hernangomez,/player/Juancho-Hernangomez/Summary/52816
Willy Hernangomez,/player/Willy-Hernangomez/Summary/37870
Brady Heslip,/player/Brady-Heslip/Summary/5276
Buddy Hield,/player/Buddy-Hield/Summary/42415
John Holland,/player/John-Holland/Summary/17700
Jonathan Holmes,/player/Jonathan-Holmes/Summary/24198
Keith Hornsby,/player/Keith-Hornsby/Summary/31196
Danuel House,/player/Danuel-House/Summary/24662
Vince Hunter,/player/Vince-Hunter/Summary/57096
Brandon Ingram,/player/Brandon-Ingram/Summary/72279
Demetrius Jackson,/player/Demetrius-Jackson/Summary/43395
Stefan Jankovic,/player/Stefan-Jankovic/Summary/44074
Livio Jean-Charles,/player/Livio-Jean-Charles/Summary/26494
Brice Johnson,/player/Brice-Johnson/Summary/24658
Cameron Jones,/player/Cameron-Jones/Summary/9731
Damian Jones,/player/Damian-Jones/Summary/42379
Derrick Jones,/player/Derrick-Jones/Summary/59508
Jalen Jones,/player/Jalen-Jones/Summary/30759
Nikola Jovanovic,/player/Nikola-Jovanovic/Summary/32673
Mindaugas Kuzminskas,/player/Mindaugas-Kuzminskas/Summary/9729
Skal Labissiere,/player/Skal-Labissiere/Summary/42074
Nicolas Laprovittola,/player/Nicolas-Laprovittola/Summary/25038
Jake Layman,/player/Jake-Layman/Summary/41248
Caris LeVert,/player/Caris-LeVert/Summary/42322
Damion Lee,/player/Damion-Lee/Summary/31229
Shawn Long,/player/Shawn-Long/Summary/28798
Timothe Luwawu-Cabarrot,/player/Timothe-Luwawu-Cabarrot/Summary/46508
Josh Magette,/player/Josh-Magette/Summary/33561
Thon Maker,/player/Thon-Maker/Summary/42192
Patrick McCaw,/player/Patrick-McCaw/Summary/80940
Sheldon McClellan,/player/Sheldon-McClellan/Summary/24189
Rodney McGruder,/player/Rodney-McGruder/Summary/4210
Egidijus Mockevicius,/player/Egidijus-Mockevicius/Summary/24784
Yanick Moreira,/player/Yanick-Moreira/Summary/25068
Dejounte Murray,/player/Dejounte-Murray/Summary/73136
Jamal Murray,/player/Jamal-Murray/Summary/49976
Maurice Ndour,/player/Maurice-Ndour/Summary/57363
Georges Niang,/player/Georges-Niang/Summary/42429
Daniel Ochefu,/player/Daniel-Ochefu/Summary/24260
Chinanu Onuaku,/player/Chinanu-Onuaku/Summary/54847
George Papagiannis,/player/George-Papagiannis/Summary/32198
Brandon Paul,/player/Brandon-Paul/Summary/2273
Gary Payton II,/player/Gary-Payton-II/Summary/80992
Marshall Plumlee,/player/Marshall-Plumlee/Summary/24177
Jakob Poeltl,/player/Jakob-Poeltl/Summary/53231
Alex Poythress,/player/Alex-Poythress/Summary/24266
Taurean Prince,/player/Taurean-Prince/Summary/42410
Tim Quarterman,/player/Tim-Quarterman/Summary/56701
Chasson Randle,/player/Chasson-Randle/Summary/24199
Malachi Richardson,/player/Malachi-Richardson/Summary/49322
Jaleel Roberts,/player/Jaleel-Roberts/Summary/31197
Domas Sabonis,/player/Domas-Sabonis/Summary/33381
Dario Saric,/player/Dario-Saric/Summary/24342
Tomas Satoransky,/player/Tomas-Satoransky/Summary/24374
Wayne Selden,/player/Wayne-Selden/Summary/24687
Pascal Siakam,/player/Pascal-Siakam/Summary/81426
Ben Simmons,/player/Ben-Simmons/Summary/41364
E.J. Singler,/player/EJ-Singler/Summary/6768
D'Vauntes Smith-Rivera,/player/DVauntes-Smith-Rivera/Summary/24269
Diamond Stone,/player/Diamond-Stone/Summary/41493
Rasheed Sulaimon,/player/Rasheed-Sulaimon/Summary/24258
Kaleb Tarczewski,/player/Kaleb-Tarczewski/Summary/24248
Isaiah Taylor,/player/Isaiah-Taylor/Summary/56862
Mike Tobey,/player/Mike-Tobey/Summary/42307
J.P. Tokoto,/player/JP-Tokoto/Summary/24272
Tyler Ulis,/player/Tyler-Ulis/Summary/52567
Jarrod Uthoff,/player/Jarrod-Uthoff/Summary/24236
Denzel Valentine,/player/Denzel-Valentine/Summary/44077
Fred VanVleet,/player/Fred-VanVleet/Summary/44094
Thomas Walkup,/player/Thomas-Walkup/Summary/31849
Jameel Warney,/player/Jameel-Warney/Summary/28292
James Webb III,/player/James-Webb-III/Summary/57247
Okaro White,/player/Okaro-White/Summary/9344
Isaiah Whitehead,/player/Isaiah-Whitehead/Summary/42078
C.J. Williams,/player/CJ-Williams/Summary/3773
Troy Williams,/player/Troy-Williams/Summary/24319
Kyle Wiltjer,/player/Kyle-Wiltjer/Summary/24155
Nick Zeisloft,/player/Nick-Zeisloft/Summary/30528
Stephen Zimmerman,/player/Stephen-Zimmerman/Summary/54846
Paul Zipser,/player/Paul-Zipser/Summary/26506
Ivica Zubac,/player/Ivica-Zubac/Summary/49290
